<?xml version="1.0" encoding="utf-8"?>
<odoo noupdate="1">

	<record id="cron_update_approval_activity" model="ir.cron" forcecreate="True">
		<field name="name">Update Approval Activity</field>
		<field name="user_id" ref="base.user_root" />
		<field name="interval_number">4</field>
		<field name="interval_type">hours</field>
		<field name="numbercall">-1</field>
		<field name="model_id" ref="model_approval_config" />
		<field name="state">code</field>
		<field name="code">model._update_approval_activity()</field>
	</record>	

</odoo>