<?xml version="1.0" encoding="utf-8"?>
<odoo noupdate="1">

	<record id="template_workflow_approval_notification" model="mail.template">
		<field name="name">Approval Notification</field>
		<field name="model_id" ref="model_approval_record" />
		<field name="subject">Approval | {{ ctx.get('title') or object.get_title() }}</field>
		<field name="partner_to">{{ object.approval_partner_ids }}</field>
		<field name="needaction_partner_ids">{{ object.needaction_partner_ids }}</field>
		<field name="body_html"><![CDATA[
<p>
<b>Dear <t t-out="','.join(object.mapped('approval_user2_ids.name'))">Employee Name</t></b>,
</p>
<br />
<p>
Document is Waiting For Your Approval
</p>    
<p>
    <t t-out="ctx.get('title') or object.get_title()">Record Name</t>
    <br>
</p>
<p t-if="ctx.get('requester_name')">
	Requester: <t t-out="ctx['requester_name']">Requester Name</t>
</p>
<div style="margin-top: 16px;">
        <a t-att-href="object.get_form_url()" style="padding: 5px 10px; font-size: 12px; line-height: 18px; color: #FFFFFF; border-color:#875A7B; text-decoration: none; display: inline-block; margin-bottom: 0px; font-weight: 400; text-align: center; vertical-align: middle; cursor: pointer; white-space: nowrap; background-image: none; background-color: #875A7B; border: 1px solid #875A7B; border-radius:3px">View Document</a>
</div>
<br />
<p>
<b>Best regards,</b>
</p>  

			   ]]>
		</field>
	</record>

	<record id="template_workflow_reject_notification" model="mail.template">
		<field name="name">Reject Notification</field>
		<field name="model_id" ref="model_approval_record" />
		<field name="subject">Rejected | {{ ctx.get('title') or object.get_title() }}</field>
		<field name="partner_to">{{ object.document_user_id.partner_id.id or '' }}</field>
		<field name="needaction_partner_ids">{{ object.document_user_id.partner_id.id or '' }}</field>
		<field name="body_html"><![CDATA[
<p>
<b>Dear <t t-out="object.document_user_id.name">Employee</t></b>,
</p>
<br />
<p>
Document is rejected
</p>    
<p>
    <t t-out="ctx.get('title') or object.get_title()">Record Name</t>
    <br>
</p>
<p t-if="ctx.get('reject_reason')">
	<b>Reason: </b><t t-out="ctx['reject_reason']">Reason</t>
</p>

<div style="margin-top: 16px;">
        <a t-att-href="object.get_form_url()" style="padding: 5px 10px; font-size: 12px; line-height: 18px; color: #FFFFFF; border-color:#875A7B; text-decoration: none; display: inline-block; margin-bottom: 0px; font-weight: 400; text-align: center; vertical-align: middle; cursor: pointer; white-space: nowrap; background-image: none; background-color: #875A7B; border: 1px solid #875A7B; border-radius:3px">View Document</a>
</div>
<br />
<p>
<b>Best regards,</b>
</p>  

			   ]]>
		</field>
	</record>


</odoo>