<?xml version="1.0" encoding="UTF-8"?>
<templates id="template" xml:space="preserve">

<t t-name="oi_fields_attribute.attrs">
    <table class="table table-condensed table-striped">
        <tr>
            <th>Model</th>
            <td><t t-esc="data.model"/></td>
        </tr>        
        <tr>
            <th>Field</th>
            <td><t t-esc="data.name"/></td>
        </tr>        
        <tr>
            <th>Type</th>
            <td><t t-esc="data.type"/></td>
        </tr>        
    </table>
    <div>
    	<table class="table table-condensed table-striped">
    		<thead>
    			<tr>
    				<th>Attribute</th>
    				<th>Value</th>
    			</tr>
    		</thead>
    		<tbody>
    			<tr t-foreach="data.attrs" t-as="attr">
    				<td><t t-esc="attr[0]"/></td>
    				
    				<td><t t-esc="JSON.stringify(attr[1])"/></td>
    			</tr>
    		</tbody>
    	</table>
    </div>
</t>


</templates>