<?xml version="1.0" encoding="UTF-8"?>
<templates id="template" xml:space="preserve">

<t t-name="org_chart.org_chart_record" owl="1">
    <t t-set="is_self" t-value="record.id == view_record_id"/>

    <section t-if="record_type == 'self'" t-attf-class="o_org_chart_entry_self_container #{parents.length &gt; 0 ? 'o_org_chart_has_parents' : ''}">
        <div t-attf-class="o_org_chart_entry o_org_chart_entry_#{record_type} d-flex position-relative py-2 overflow-visible #{parents.length &gt; 0 ? 'o_treeEntry' : ''}">
            <t t-call="org_chart.org_chart_record_content">
                <t t-set="is_self" t-value="is_self"/>
            </t>
        </div>
    </section>

    <div t-else="" t-attf-class="o_org_chart_entry o_org_chart_entry_#{record_type} o_treeEntry d-flex position-relative py-2 overflow-visible">
        <t t-call="org_chart.org_chart_record_content">
            <t t-set="is_self" t-value="is_self"/>
        </t>
    </div>
</t>

<t t-name="org_chart.org_chart_record_content" owl="1">
    <div class="o_media_left position-relative">
        <!-- NOTE: Since by the default on not squared images odoo add white borders,
            use bg-images to get a clean and centred images -->
        <a t-if="! is_self"
            class="o_media_object d-block rounded-circle o_record_redirect"
            t-att-style="record.style"
            t-att-alt="record.name"
            t-att-data-record-id="record.id"
            t-att-href="record.link"
            t-on-click.prevent="() => this._onRecordRedirect(record.id)"/>
        <div t-if="is_self"
            class="o_media_object d-block rounded-circle border border-info"
            t-att-style="record.style"
            />
    </div>

    <div class="d-flex flex-grow-1 align-items-start justify-content-between position-relative px-3">
        <a t-if="!is_self" t-att-href="record.link" class="o_record_redirect d-flex flex-column" t-att-data-record-id="record.id" t-on-click.prevent="() => this._onRecordRedirect(record.id)">
            <b class="o_media_heading m-0 fs-6" t-esc="record.name"/>
            <small class="text-muted fw-bold" t-esc="record.job_title"/>
        </a>
        <div t-if="is_self" class="d-flex flex-column">
            <h5 class="o_media_heading m-0" t-esc="record.name"/>
            <small class="text-muted fw-bold" t-esc="record.job_title"/>
        </div>
        <button t-if="record.indirect_sub_count &gt; 0"
                class="btn p-0 fs-3"
                tabindex="0"
                t-att-data-emp-name="record.name"
                t-att-data-emp-id="record.id"
                t-att-data-emp-dir-subs="record.direct_sub_count"
                t-att-data-emp-ind-subs="record.indirect_sub_count"
                data-bs-trigger="focus"
                data-bs-toggle="popover"
                t-on-click="(event) => this._onOpenPopover(event, record)">
            <a href="#"
                t-attf-class="badge rounded-pill bg-white border {{record.indirect_sub_count &lt; 10 ? 'px-2' : 'px-1' }}"
                t-esc="record.indirect_sub_count"
                />
        </button>

    </div>
</t>

<t t-name="org_chart.org_chart" owl="1">
    <!-- NOTE: Desidered behaviour:
            The maximun number of people is always 7 (including 'self'). Parents have priority over suburdinates
            Eg. 1 Parent + 1 self = show just 5 subordinates (if availables)
            Eg. 0 Parent + 1 self = show 6 subordinates (if available)

        -->
    <t t-set="rec_count" t-value="0"/>
    <div t-if='parents.length &gt; 0' class="o_org_chart_group_up position-relative">
        <div t-if='parents_more' class="o_org_chart_more pe-3">
            <a href="#" t-att-data-record-id="parents[0].id" class="o_record_more_parents d-block bg-100 px-3" t-on-click.prevent="() => this._onRecordMoreParent(parents[0].id)">
                <i class="fa fa-angle-double-up" role="img" aria-label="More parents" title="More parents"/>
            </a>
        </div>

        <t t-foreach="parents" t-as="record" t-key="record_index">
            <t t-set="rec_count" t-value="rec_count + 1"/>
            <t t-call="org_chart.org_chart_record">
                <t t-set="record_type" t-value="'parent'"/>
            </t>
        </t>
    </div>

    <t t-if="children.length || parents.length" t-call="org_chart.org_chart_record">
        <t t-set="record_type" t-value="'self'"/>
        <t t-set="record" t-value="self"/>
    </t>

    <t t-if="!children.length &amp;&amp; !parents.length">
        <div class="alert alert-info" role="alert">
            <p><b>No hierarchy position.</b></p>
            <p>This record has no parent or subordinate.</p>
            <p>In order to get an organigram, set a parent and save the record.</p>
        </div>
    </t>

    <div t-if="children.length" t-attf-class="o_org_chart_group_down position-relative #{parents.length &gt; 0 ? 'o_org_chart_has_parents' : ''}">
        <t t-foreach="children" t-as="record" t-key="record_index">
            <t t-set="rec_count" t-value="rec_count + 1"/>
            <t t-if="rec_count &lt; 20">
                <t t-call="org_chart.org_chart_record">
                    <t t-set="record_type" t-value="'sub'"/>
                </t>
            </t>
        </t>

        <t t-if="(children.length + parents.length) &gt; 19">
            <div class="o_org_chart_entry o_org_chart_more d-flex overflow-visible">
                <div class="o_media_left position-relative">
                    <a href="#"
                        t-att-data-record-id="self.id"
                        t-att-data-record-name="self.name"
                        class="o_org_chart_show_more o_record_sub_redirect btn btn-link ps-2"
                        t-on-click.prevent="_onRecordSubRedirect">See All</a>
                </div>
            </div>
        </t>
    </div>
</t>

<t t-name="org_chart.orgchart_record_popover" owl="1">
    <div class="popover o_org_chart_popup" role="tooltip">
        <div class="tooltip-arrow">
            
        </div>
        <h3 class="popover-header">
            <div class="d-flex align-items-center">
                <b class="flew-grow-1"><t t-esc="props.record.name"/></b>
                <a t-if="!props.record.is_self" href="#" class="ms-auto o_record_redirect" t-att-data-record-id="props.record.id" t-on-click.prevent="() => this._onRecordRedirect(props.record.id, props.record.model,props.context)"><i class="fa fa-external-link" role="img" aria-label='Redirect' title="Redirect"></i></a>
            </div>
        </h3>
        <div class="popover-body">
            <table class="table table-sm table-borderless mb-0">
                <tbody>
                    <tr>
                        <td class="text-end"><b t-esc="props.record.direct_sub_count"/></td>
                        <td>
                            <a href="#" class="o_record_sub_redirect" data-type='direct'
                                    t-att-data-record-name="props.record.name" t-att-data-record-id="props.record.id" 
                                    t-on-click.prevent="_onRecordSubRedirect">
                                <b>Direct subordinates</b></a>
                        </td>
                    </tr>
                    <tr>
                        <td class="text-end">
                        	<t t-set="indirect_sub_count" t-value="props.record.indirect_sub_count - props.record.direct_sub_count" />
                            <b t-esc="indirect_sub_count"/>
                        </td>
                        <td>
                            <a href="#" class="o_record_sub_redirect" data-type='indirect'
                                    t-att-data-record-name="props.record.name" t-att-data-record-id="props.record.id" 
                                    t-on-click.prevent="_onRecordSubRedirect">
                                Indirect subordinates</a>
                        </td>
                    </tr>
                    <tr>
                        <td class="text-end"><b t-esc="props.record.indirect_sub_count"/></td>
                        <td>
                            <a href="#" class="o_record_sub_redirect" data-type='total'
                                    t-att-data-record-name="props.record.name" t-att-data-record-id="props.record.id"   
                                    t-on-click.prevent="_onRecordSubRedirect">
                                Total</a>
                        </td>
                    </tr>
                </tbody>
            </table>
        </div>
    </div>
</t>

</templates>
