id,name,model_id:id,group_id:id,perm_read,perm_write,perm_create,perm_unlink
access_account_asset_category_tracking_user,access_account_asset_category_tracking_user,oi_account_asset.model_account_asset_category,group_asset_tracking_user,1,0,0,0
access_account_asset_asset_tracking_user,access_account_asset_asset_tracking_user,oi_account_asset.model_account_asset_asset,group_asset_tracking_user,1,0,0,0
access_account_asset_location_tracking_user,access_account_asset_location_tracking_user,model_account_asset_location,group_asset_tracking_user,1,1,1,1
access_account_asset_movement_tracking_user,access_account_asset_movement_tracking_user,model_account_asset_movement,group_asset_tracking_user,1,1,1,1
access_account_asset_location_account_user,access_account_asset_location_account_user,model_account_asset_location,account.group_account_user,1,0,0,0
access_account_asset_movement_account_user,access_account_asset_movement_account_user,model_account_asset_movement,account.group_account_user,1,0,0,0
access_account_asset_attribute_group_user,access_account_asset_attribute_group_user,model_account_asset_attribute,base.group_user,1,0,0,0
access_account_asset_attribute_group_system,access_account_asset_attribute_group_system,model_account_asset_attribute,base.group_system,1,1,1,1
access_account_asset_use_state_group_user,access_account_asset_use_state_group_user,oi_account_asset_use_state.model_account_asset_use_state,base.group_user,1,0,0,0
access_account_asset_category_group_user,access_account_asset_category_group_user,oi_account_asset.model_account_asset_category,base.group_user,1,0,0,0
